[{"id":"5","field_id":"3","fields":[{"id":"0","type":"name","label":"Name","format":"first-last","description":"","required":"1","size":"large","simple_placeholder":"","simple_default":"","first_placeholder":"","first_default":"","middle_placeholder":"","middle_default":"","last_placeholder":"","last_default":"","css":""},{"id":"1","type":"email","label":"Email","description":"","required":"1","size":"large","placeholder":"","confirmation_placeholder":"","default_value":"","css":"","filter_type":"","allowlist":"","denylist":""},{"id":"2","type":"textarea","label":"Message","description":"","required":"1","size":"medium","placeholder":"","limit_count":"1","limit_mode":"characters","default_value":"","css":""}],"settings":{"form_title":"Contact Form","form_desc":"","form_class":"","submit_text":"Submit","submit_text_processing":"Sending...","submit_class":"","antispam":"1","notification_enable":"1","notifications":{"1":{"email":"{admin_email}","subject":"New Entry: Simple Contact Form","sender_name":"Astra Site","sender_address":"{admin_email}","replyto":"{field_id=\"1\"}","message":"{all_fields}"}},"confirmations":{"1":{"type":"message","message":"Thanks for contacting us! We will be in touch with you shortly.","message_scroll":"1","page":"2","redirect":""}}},"meta":{"template":"contact"}}]